{"format": "graph-model", "generatedBy": "2.4.1", "convertedBy": "TensorFlow.js Converter v3.4.0", "signature": {"inputs": {"dense_input:0": {"name": "dense_input:0", "dtype": "DT_FLOAT", "tensorShape": {"dim": [{"size": "-1"}, {"size": "2"}]}}}, "outputs": {"Identity:0": {"name": "Identity:0", "dtype": "DT_FLOAT", "tensorShape": {"dim": [{"size": "-1"}, {"size": "2"}]}}}}, "modelTopology": {"node": [{"name": "StatefulPartitionedCall/sequential/dense/MatMul/ReadVariableOp", "op": "Const", "attr": {"value": {"tensor": {"dtype": "DT_FLOAT", "tensorShape": {"dim": [{"size": "2"}, {"size": "2"}]}}}, "dtype": {"type": "DT_FLOAT"}}}, {"name": "StatefulPartitionedCall/sequential/dense/BiasAdd/ReadVariableOp", "op": "Const", "attr": {"dtype": {"type": "DT_FLOAT"}, "value": {"tensor": {"dtype": "DT_FLOAT", "tensorShape": {"dim": [{"size": "2"}]}}}}}, {"name": "StatefulPartitionedCall/sequential/dense_1/MatMul/ReadVariableOp", "op": "Const", "attr": {"value": {"tensor": {"dtype": "DT_FLOAT", "tensorShape": {"dim": [{"size": "2"}, {"size": "32"}]}}}, "dtype": {"type": "DT_FLOAT"}}}, {"name": "StatefulPartitionedCall/sequential/dense_1/BiasAdd/ReadVariableOp", "op": "Const", "attr": {"value": {"tensor": {"dtype": "DT_FLOAT", "tensorShape": {"dim": [{"size": "32"}]}}}, "dtype": {"type": "DT_FLOAT"}}}, {"name": "StatefulPartitionedCall/sequential/dense_2/MatMul/ReadVariableOp", "op": "Const", "attr": {"value": {"tensor": {"dtype": "DT_FLOAT", "tensorShape": {"dim": [{"size": "32"}, {"size": "32"}]}}}, "dtype": {"type": "DT_FLOAT"}}}, {"name": "StatefulPartitionedCall/sequential/dense_2/BiasAdd/ReadVariableOp", "op": "Const", "attr": {"value": {"tensor": {"dtype": "DT_FLOAT", "tensorShape": {"dim": [{"size": "32"}]}}}, "dtype": {"type": "DT_FLOAT"}}}, {"name": "StatefulPartitionedCall/sequential/dense_3/MatMul/ReadVariableOp", "op": "Const", "attr": {"value": {"tensor": {"dtype": "DT_FLOAT", "tensorShape": {"dim": [{"size": "32"}, {"size": "32"}]}}}, "dtype": {"type": "DT_FLOAT"}}}, {"name": "StatefulPartitionedCall/sequential/dense_3/BiasAdd/ReadVariableOp", "op": "Const", "attr": {"dtype": {"type": "DT_FLOAT"}, "value": {"tensor": {"dtype": "DT_FLOAT", "tensorShape": {"dim": [{"size": "32"}]}}}}}, {"name": "StatefulPartitionedCall/sequential/dense_4/MatMul/ReadVariableOp", "op": "Const", "attr": {"dtype": {"type": "DT_FLOAT"}, "value": {"tensor": {"dtype": "DT_FLOAT", "tensorShape": {"dim": [{"size": "32"}, {"size": "32"}]}}}}}, {"name": "StatefulPartitionedCall/sequential/dense_4/BiasAdd/ReadVariableOp", "op": "Const", "attr": {"dtype": {"type": "DT_FLOAT"}, "value": {"tensor": {"dtype": "DT_FLOAT", "tensorShape": {"dim": [{"size": "32"}]}}}}}, {"name": "StatefulPartitionedCall/sequential/dense_5/MatMul/ReadVariableOp", "op": "Const", "attr": {"value": {"tensor": {"dtype": "DT_FLOAT", "tensorShape": {"dim": [{"size": "32"}, {"size": "2"}]}}}, "dtype": {"type": "DT_FLOAT"}}}, {"name": "StatefulPartitionedCall/sequential/dense_5/BiasAdd/ReadVariableOp", "op": "Const", "attr": {"value": {"tensor": {"dtype": "DT_FLOAT", "tensorShape": {"dim": [{"size": "2"}]}}}, "dtype": {"type": "DT_FLOAT"}}}, {"name": "dense_input", "op": "Placeholder", "attr": {"shape": {"shape": {"dim": [{"size": "-1"}, {"size": "2"}]}}, "dtype": {"type": "DT_FLOAT"}}}, {"name": "StatefulPartitionedCall/sequential/dense/BiasAdd", "op": "_FusedMatMul", "input": ["dense_input", "StatefulPartitionedCall/sequential/dense/MatMul/ReadVariableOp", "StatefulPartitionedCall/sequential/dense/BiasAdd/ReadVariableOp"], "device": "/device:CPU:0", "attr": {"T": {"type": "DT_FLOAT"}, "num_args": {"i": "1"}, "epsilon": {"f": 0.0}, "fused_ops": {"list": {"s": ["Qmlhc0FkZA=="]}}, "transpose_a": {"b": false}, "transpose_b": {"b": false}}}, {"name": "StatefulPartitionedCall/sequential/dense_1/BiasAdd", "op": "_FusedMatMul", "input": ["StatefulPartitionedCall/sequential/dense/BiasAdd", "StatefulPartitionedCall/sequential/dense_1/MatMul/ReadVariableOp", "StatefulPartitionedCall/sequential/dense_1/BiasAdd/ReadVariableOp"], "device": "/device:CPU:0", "attr": {"transpose_a": {"b": false}, "transpose_b": {"b": false}, "T": {"type": "DT_FLOAT"}, "num_args": {"i": "1"}, "epsilon": {"f": 0.0}, "fused_ops": {"list": {"s": ["Qmlhc0FkZA=="]}}}}, {"name": "StatefulPartitionedCall/sequential/dense_1/LeakyRelu", "op": "LeakyRelu", "input": ["StatefulPartitionedCall/sequential/dense_1/BiasAdd"], "attr": {"alpha": {"f": 0.2}, "T": {"type": "DT_FLOAT"}}}, {"name": "StatefulPartitionedCall/sequential/dense_2/BiasAdd", "op": "_FusedMatMul", "input": ["StatefulPartitionedCall/sequential/dense_1/LeakyRelu", "StatefulPartitionedCall/sequential/dense_2/MatMul/ReadVariableOp", "StatefulPartitionedCall/sequential/dense_2/BiasAdd/ReadVariableOp"], "device": "/device:CPU:0", "attr": {"T": {"type": "DT_FLOAT"}, "num_args": {"i": "1"}, "epsilon": {"f": 0.0}, "fused_ops": {"list": {"s": ["Qmlhc0FkZA=="]}}, "transpose_a": {"b": false}, "transpose_b": {"b": false}}}, {"name": "StatefulPartitionedCall/sequential/dense_2/LeakyRelu", "op": "LeakyRelu", "input": ["StatefulPartitionedCall/sequential/dense_2/BiasAdd"], "attr": {"T": {"type": "DT_FLOAT"}, "alpha": {"f": 0.2}}}, {"name": "StatefulPartitionedCall/sequential/dense_3/BiasAdd", "op": "_FusedMatMul", "input": ["StatefulPartitionedCall/sequential/dense_2/LeakyRelu", "StatefulPartitionedCall/sequential/dense_3/MatMul/ReadVariableOp", "StatefulPartitionedCall/sequential/dense_3/BiasAdd/ReadVariableOp"], "device": "/device:CPU:0", "attr": {"epsilon": {"f": 0.0}, "fused_ops": {"list": {"s": ["Qmlhc0FkZA=="]}}, "transpose_a": {"b": false}, "transpose_b": {"b": false}, "T": {"type": "DT_FLOAT"}, "num_args": {"i": "1"}}}, {"name": "StatefulPartitionedCall/sequential/dense_3/LeakyRelu", "op": "LeakyRelu", "input": ["StatefulPartitionedCall/sequential/dense_3/BiasAdd"], "attr": {"T": {"type": "DT_FLOAT"}, "alpha": {"f": 0.2}}}, {"name": "StatefulPartitionedCall/sequential/dense_4/BiasAdd", "op": "_FusedMatMul", "input": ["StatefulPartitionedCall/sequential/dense_3/LeakyRelu", "StatefulPartitionedCall/sequential/dense_4/MatMul/ReadVariableOp", "StatefulPartitionedCall/sequential/dense_4/BiasAdd/ReadVariableOp"], "device": "/device:CPU:0", "attr": {"num_args": {"i": "1"}, "epsilon": {"f": 0.0}, "fused_ops": {"list": {"s": ["Qmlhc0FkZA=="]}}, "transpose_a": {"b": false}, "transpose_b": {"b": false}, "T": {"type": "DT_FLOAT"}}}, {"name": "StatefulPartitionedCall/sequential/dense_4/LeakyRelu", "op": "LeakyRelu", "input": ["StatefulPartitionedCall/sequential/dense_4/BiasAdd"], "attr": {"T": {"type": "DT_FLOAT"}, "alpha": {"f": 0.2}}}, {"name": "StatefulPartitionedCall/sequential/dense_5/BiasAdd", "op": "_FusedMatMul", "input": ["StatefulPartitionedCall/sequential/dense_4/LeakyRelu", "StatefulPartitionedCall/sequential/dense_5/MatMul/ReadVariableOp", "StatefulPartitionedCall/sequential/dense_5/BiasAdd/ReadVariableOp"], "device": "/device:CPU:0", "attr": {"T": {"type": "DT_FLOAT"}, "num_args": {"i": "1"}, "epsilon": {"f": 0.0}, "fused_ops": {"list": {"s": ["Qmlhc0FkZA=="]}}, "transpose_a": {"b": false}, "transpose_b": {"b": false}}}, {"name": "Identity", "op": "Identity", "input": ["StatefulPartitionedCall/sequential/dense_5/BiasAdd"], "attr": {"T": {"type": "DT_FLOAT"}}}], "library": {}, "versions": {"producer": 561}}, "weightsManifest": [{"paths": ["group1-shard1of1.bin"], "weights": [{"name": "StatefulPartitionedCall/sequential/dense/MatMul/ReadVariableOp", "shape": [2, 2], "dtype": "float32"}, {"name": "StatefulPartitionedCall/sequential/dense/BiasAdd/ReadVariableOp", "shape": [2], "dtype": "float32"}, {"name": "StatefulPartitionedCall/sequential/dense_1/MatMul/ReadVariableOp", "shape": [2, 32], "dtype": "float32"}, {"name": "StatefulPartitionedCall/sequential/dense_1/BiasAdd/ReadVariableOp", "shape": [32], "dtype": "float32"}, {"name": "StatefulPartitionedCall/sequential/dense_2/MatMul/ReadVariableOp", "shape": [32, 32], "dtype": "float32"}, {"name": "StatefulPartitionedCall/sequential/dense_2/BiasAdd/ReadVariableOp", "shape": [32], "dtype": "float32"}, {"name": "StatefulPartitionedCall/sequential/dense_3/MatMul/ReadVariableOp", "shape": [32, 32], "dtype": "float32"}, {"name": "StatefulPartitionedCall/sequential/dense_3/BiasAdd/ReadVariableOp", "shape": [32], "dtype": "float32"}, {"name": "StatefulPartitionedCall/sequential/dense_4/MatMul/ReadVariableOp", "shape": [32, 32], "dtype": "float32"}, {"name": "StatefulPartitionedCall/sequential/dense_4/BiasAdd/ReadVariableOp", "shape": [32], "dtype": "float32"}, {"name": "StatefulPartitionedCall/sequential/dense_5/MatMul/ReadVariableOp", "shape": [32, 2], "dtype": "float32"}, {"name": "StatefulPartitionedCall/sequential/dense_5/BiasAdd/ReadVariableOp", "shape": [2], "dtype": "float32"}]}]}